{
  "test_mse": 0.1286693960428238,
  "test_mae": 0.2809070944786072,
  "test_r2": -0.002083301544189453,
  "test_max_error": 1.0000873804092407,
  "extrap_mse": 0.02519858442246914,
  "extrap_mae": 0.13995622098445892,
  "extrap_r2": -0.09819769859313965,
  "extrap_max_error": 0.28285303711891174,
  "mu_abs_err": 3.7908359467983246,
  "mu_rel_err": 0.9477089866993442,
  "tp": 34,
  "fp": 262,
  "tn": 13,
  "fn": 191,
  "accuracy": 0.094,
  "extrap_accuracy": 0.1511111111111111,
  "precision": 0.11486486486486487,
  "recall": 0.1511111111111111,
  "f1": 0.1305182341650672,
  "tol": 0.05
}