{
  "test_mse": 0.003275851020589471,
  "test_mae": 0.037576332688331604,
  "test_r2": 0.9744875431060791,
  "test_max_error": 0.14560331404209137,
  "extrap_mse": 0.007175240200012922,
  "extrap_mae": 0.07474943995475769,
  "extrap_r2": 0.6872906684875488,
  "extrap_max_error": 0.14560331404209137,
  "mu_abs_err": 0.4140496253967285,
  "mu_rel_err": 0.10351240634915625,
  "tp": 67,
  "fp": 0,
  "tn": 275,
  "fn": 158,
  "accuracy": 0.684,
  "extrap_accuracy": 0.29777777777777775,
  "precision": 1.0,
  "recall": 0.29777777777777775,
  "f1": 0.4589041095890411,
  "tol": 0.05
}