{
  "test_mse": 0.007308844942599535,
  "test_mae": 0.05900726467370987,
  "test_r2": 0.9545046091079712,
  "test_max_error": 0.22745147347450256,
  "extrap_mse": 0.01554387342184782,
  "extrap_mae": 0.10683779418468475,
  "extrap_r2": 0.6834012269973755,
  "extrap_max_error": 0.22745147347450256,
  "mu_abs_err": 0.700592041015625,
  "mu_rel_err": 0.2335306803384638,
  "tp": 55,
  "fp": 14,
  "tn": 261,
  "fn": 170,
  "accuracy": 0.632,
  "extrap_accuracy": 0.24444444444444444,
  "precision": 0.7971014492753623,
  "recall": 0.24444444444444444,
  "f1": 0.37414965986394555,
  "tol": 0.05
}