{
  "test_mse": 0.0008827310521155596,
  "test_mae": 0.02550416998565197,
  "test_r2": 0.9945052862167358,
  "test_max_error": 0.05101844668388367,
  "extrap_mse": 0.0011887338478118181,
  "extrap_mae": 0.030639130622148514,
  "extrap_r2": 0.9757877588272095,
  "extrap_max_error": 0.05101844668388367,
  "mu_abs_err": 0.4585115909576416,
  "mu_rel_err": 0.1528371969858296,
  "tp": 212,
  "fp": 0,
  "tn": 275,
  "fn": 13,
  "accuracy": 0.974,
  "extrap_accuracy": 0.9422222222222222,
  "precision": 1.0,
  "recall": 0.9422222222222222,
  "f1": 0.9702517162471396,
  "tol": 0.05
}