{
  "test_mse": 0.03582657501101494,
  "test_mae": 0.1154075637459755,
  "test_r2": 0.7769902944564819,
  "test_max_error": 0.5479716062545776,
  "extrap_mse": 0.07941155135631561,
  "extrap_mae": 0.2447117418050766,
  "extrap_r2": -0.6174606084823608,
  "extrap_max_error": 0.5479716062545776,
  "mu_abs_err": 0.5215823650360107,
  "mu_rel_err": 0.17386078834527896,
  "tp": 17,
  "fp": 2,
  "tn": 273,
  "fn": 208,
  "accuracy": 0.58,
  "extrap_accuracy": 0.07555555555555556,
  "precision": 0.8947368421052632,
  "recall": 0.07555555555555556,
  "f1": 0.13934426229508196,
  "tol": 0.05
}