{
  "test_mse": 0.015146054327487946,
  "test_mae": 0.09100279211997986,
  "test_r2": 0.769838809967041,
  "test_max_error": 0.2999526262283325,
  "extrap_mse": 0.0018942856695502996,
  "extrap_mae": 0.035155851393938065,
  "extrap_r2": -0.08339905738830566,
  "extrap_max_error": 0.10457087308168411,
  "mu_abs_err": 8.968433380126953,
  "mu_rel_err": 1.121054172515729,
  "tp": 174,
  "fp": 223,
  "tn": 52,
  "fn": 51,
  "accuracy": 0.452,
  "extrap_accuracy": 0.7733333333333333,
  "precision": 0.43828715365239296,
  "recall": 0.7733333333333333,
  "f1": 0.5594855305466238,
  "tol": 0.05
}