{
  "test_mse": 0.00038962275721132755,
  "test_mae": 0.014342078939080238,
  "test_r2": 0.9969655871391296,
  "test_max_error": 0.04700064659118652,
  "extrap_mse": 0.0008076500962488353,
  "extrap_mae": 0.02471797913312912,
  "extrap_r2": 0.9648011922836304,
  "extrap_max_error": 0.04700064659118652,
  "mu_abs_err": 0.09834456443786621,
  "mu_rel_err": 0.024586141109460405,
  "tp": 225,
  "fp": 0,
  "tn": 275,
  "fn": 0,
  "accuracy": 1.0,
  "extrap_accuracy": 1.0,
  "precision": 1.0,
  "recall": 1.0,
  "f1": 1.0,
  "tol": 0.05
}