{
  "test_mse": 0.0004831272817682475,
  "test_mae": 0.018403617665171623,
  "test_r2": 0.9962373971939087,
  "test_max_error": 0.04333759844303131,
  "extrap_mse": 0.0007840633625164628,
  "extrap_mae": 0.025220857933163643,
  "extrap_r2": 0.9658291935920715,
  "extrap_max_error": 0.04333759844303131,
  "mu_abs_err": 0.1218719482421875,
  "mu_rel_err": 0.030467987060539256,
  "tp": 225,
  "fp": 0,
  "tn": 275,
  "fn": 0,
  "accuracy": 1.0,
  "extrap_accuracy": 1.0,
  "precision": 1.0,
  "recall": 1.0,
  "f1": 1.0,
  "tol": 0.05
}