{
  "test_mse": 0.06510817259550095,
  "test_mae": 0.21376264095306396,
  "test_r2": 0.5947211980819702,
  "test_max_error": 0.5507984161376953,
  "extrap_mse": 0.04757779836654663,
  "extrap_mae": 0.19243773818016052,
  "extrap_r2": 0.03093177080154419,
  "extrap_max_error": 0.36184680461883545,
  "mu_abs_err": 5.1847991943359375,
  "mu_rel_err": 1.728266398111403,
  "tp": 27,
  "fp": 234,
  "tn": 41,
  "fn": 198,
  "accuracy": 0.136,
  "extrap_accuracy": 0.12,
  "precision": 0.10344827586206896,
  "recall": 0.12,
  "f1": 0.11111111111111112,
  "tol": 0.05
}