{
  "test_mse": 0.017358234152197838,
  "test_mae": 0.10236537456512451,
  "test_r2": 0.8919501900672913,
  "test_max_error": 0.3132828176021576,
  "extrap_mse": 0.03401915729045868,
  "extrap_mae": 0.16225731372833252,
  "extrap_r2": 0.30709517002105713,
  "extrap_max_error": 0.3132828176021576,
  "mu_abs_err": 0.9834249019622803,
  "mu_rel_err": 0.32780830065398414,
  "tp": 35,
  "fp": 141,
  "tn": 134,
  "fn": 190,
  "accuracy": 0.338,
  "extrap_accuracy": 0.15555555555555556,
  "precision": 0.19886363636363635,
  "recall": 0.15555555555555556,
  "f1": 0.17456359102244387,
  "tol": 0.05
}