{
  "test_mse": 0.08406401425600052,
  "test_mae": 0.23756994307041168,
  "test_r2": 0.34530556201934814,
  "test_max_error": 0.5913246870040894,
  "extrap_mse": 0.0255964994430542,
  "extrap_mae": 0.14130355417728424,
  "extrap_r2": -0.11553955078125,
  "extrap_max_error": 0.286111444234848,
  "mu_abs_err": 15.479610443115234,
  "mu_rel_err": 3.869902610777841,
  "tp": 32,
  "fp": 252,
  "tn": 23,
  "fn": 193,
  "accuracy": 0.11,
  "extrap_accuracy": 0.14222222222222222,
  "precision": 0.11267605633802817,
  "recall": 0.14222222222222222,
  "f1": 0.1257367387033399,
  "tol": 0.05
}