{
  "test_mse": 0.09439653158187866,
  "test_mae": 0.2448381632566452,
  "test_r2": 0.2648354172706604,
  "test_max_error": 0.7034192085266113,
  "extrap_mse": 0.02485119365155697,
  "extrap_mae": 0.13907229900360107,
  "extrap_r2": -0.08305776119232178,
  "extrap_max_error": 0.27864062786102295,
  "mu_abs_err": 20.507822036743164,
  "mu_rel_err": 5.126955509184509,
  "tp": 32,
  "fp": 247,
  "tn": 28,
  "fn": 193,
  "accuracy": 0.12,
  "extrap_accuracy": 0.14222222222222222,
  "precision": 0.11469534050179211,
  "recall": 0.14222222222222222,
  "f1": 0.12698412698412698,
  "tol": 0.05
}