{
  "test_mse": 0.0005484998691827059,
  "test_mae": 0.018495049327611923,
  "test_r2": 0.9965857267379761,
  "test_max_error": 0.0501633882522583,
  "extrap_mse": 0.0010135675547644496,
  "extrap_mae": 0.028154755011200905,
  "extrap_r2": 0.9793555736541748,
  "extrap_max_error": 0.0501633882522583,
  "mu_abs_err": 0.17746257781982422,
  "mu_rel_err": 0.05915419260658835,
  "tp": 223,
  "fp": 0,
  "tn": 275,
  "fn": 2,
  "accuracy": 0.996,
  "extrap_accuracy": 0.9911111111111112,
  "precision": 1.0,
  "recall": 0.9911111111111112,
  "f1": 0.9955357142857144,
  "tol": 0.05
}