{
  "test_mse": 0.009249561466276646,
  "test_mae": 0.06792926043272018,
  "test_r2": 0.9279639720916748,
  "test_max_error": 0.2250448614358902,
  "extrap_mse": 0.02627853862941265,
  "extrap_mae": 0.1477174609899521,
  "extrap_r2": -0.8602129220962524,
  "extrap_max_error": 0.2250448614358902,
  "mu_abs_err": 0.5437850952148438,
  "mu_rel_err": 0.13594627380367694,
  "tp": 12,
  "fp": 96,
  "tn": 304,
  "fn": 88,
  "accuracy": 0.632,
  "extrap_accuracy": 0.12,
  "precision": 0.1111111111111111,
  "recall": 0.12,
  "f1": 0.11538461538461538,
  "tol": 0.05
}