{
  "test_mse": 4.539235669653863e-05,
  "test_mae": 0.005027555860579014,
  "test_r2": 0.9997174739837646,
  "test_max_error": 0.019027888774871826,
  "extrap_mse": 7.682655268581584e-05,
  "extrap_mae": 0.006985882762819529,
  "extrap_r2": 0.9984351992607117,
  "extrap_max_error": 0.019027888774871826,
  "mu_abs_err": 0.018687725067138672,
  "mu_rel_err": 0.006229241689044147,
  "tp": 225,
  "fp": 0,
  "tn": 275,
  "fn": 0,
  "accuracy": 1.0,
  "extrap_accuracy": 1.0,
  "precision": 1.0,
  "recall": 1.0,
  "f1": 1.0,
  "tol": 0.05
}