{
  "test_mse": 0.011573455296456814,
  "test_mae": 0.07497794926166534,
  "test_r2": 0.9098653793334961,
  "test_max_error": 0.2457139492034912,
  "extrap_mse": 0.024923114106059074,
  "extrap_mae": 0.14415425062179565,
  "extrap_r2": -0.08619225025177002,
  "extrap_max_error": 0.2457139492034912,
  "mu_abs_err": 0.7752823829650879,
  "mu_rel_err": 0.1938205957412235,
  "tp": 24,
  "fp": 31,
  "tn": 244,
  "fn": 201,
  "accuracy": 0.536,
  "extrap_accuracy": 0.10666666666666667,
  "precision": 0.43636363636363634,
  "recall": 0.10666666666666667,
  "f1": 0.17142857142857146,
  "tol": 0.05
}