{
  "test_mse": 3.1973482691682875e-05,
  "test_mae": 0.004781115800142288,
  "test_r2": 0.999800980091095,
  "test_max_error": 0.013123095035552979,
  "extrap_mse": 2.4149541786755435e-05,
  "extrap_mae": 0.004302190151065588,
  "extrap_r2": 0.9995081424713135,
  "extrap_max_error": 0.008863691240549088,
  "mu_abs_err": 0.0113983154296875,
  "mu_rel_err": 0.0037994384765612332,
  "tp": 225,
  "fp": 0,
  "tn": 275,
  "fn": 0,
  "accuracy": 1.0,
  "extrap_accuracy": 1.0,
  "precision": 1.0,
  "recall": 1.0,
  "f1": 1.0,
  "tol": 0.05
}