{
  "test_mse": 0.09458804130554199,
  "test_mae": 0.258347749710083,
  "test_r2": 0.4112178087234497,
  "test_max_error": 0.6681771874427795,
  "extrap_mse": 0.05069376528263092,
  "extrap_mae": 0.19829638302326202,
  "extrap_r2": -0.03253448009490967,
  "extrap_max_error": 0.41137513518333435,
  "mu_abs_err": 10.479044914245605,
  "mu_rel_err": 3.4930149714140373,
  "tp": 25,
  "fp": 241,
  "tn": 34,
  "fn": 200,
  "accuracy": 0.118,
  "extrap_accuracy": 0.1111111111111111,
  "precision": 0.09398496240601503,
  "recall": 0.1111111111111111,
  "f1": 0.10183299389002037,
  "tol": 0.05
}