{
  "test_mse": 1.727307608234696e-05,
  "test_mae": 0.0033072764053940773,
  "test_r2": 0.9998654723167419,
  "test_max_error": 0.010522574186325073,
  "extrap_mse": 6.480616775661474e-06,
  "extrap_mae": 0.00222861603833735,
  "extrap_r2": 0.9997175931930542,
  "extrap_max_error": 0.004936680197715759,
  "mu_abs_err": 0.020761489868164062,
  "mu_rel_err": 0.005190372467039718,
  "tp": 225,
  "fp": 0,
  "tn": 275,
  "fn": 0,
  "accuracy": 1.0,
  "extrap_accuracy": 1.0,
  "precision": 1.0,
  "recall": 1.0,
  "f1": 1.0,
  "tol": 0.05
}