{
  "test_mse": 0.14855611324310303,
  "test_mae": 0.3173784911632538,
  "test_r2": 0.07528281211853027,
  "test_max_error": 0.9076178669929504,
  "extrap_mse": 0.04920829460024834,
  "extrap_mae": 0.19532260298728943,
  "extrap_r2": -0.0022783279418945312,
  "extrap_max_error": 0.39559581875801086,
  "mu_abs_err": 29.76239013671875,
  "mu_rel_err": 9.920796712236276,
  "tp": 27,
  "fp": 256,
  "tn": 19,
  "fn": 198,
  "accuracy": 0.092,
  "extrap_accuracy": 0.12,
  "precision": 0.09540636042402827,
  "recall": 0.12,
  "f1": 0.10629921259842519,
  "tol": 0.05
}