{
  "test_mse": 0.07815036922693253,
  "test_mae": 0.16876500844955444,
  "test_r2": 0.5135374069213867,
  "test_max_error": 0.7313463687896729,
  "extrap_mse": 0.17311221361160278,
  "extrap_mae": 0.3534308075904846,
  "extrap_r2": -2.5259628295898438,
  "extrap_max_error": 0.7313463687896729,
  "mu_abs_err": 3.0,
  "mu_rel_err": 0.9999999999996666,
  "tp": 16,
  "fp": 3,
  "tn": 272,
  "fn": 209,
  "accuracy": 0.576,
  "extrap_accuracy": 0.07111111111111111,
  "precision": 0.8421052631578947,
  "recall": 0.07111111111111111,
  "f1": 0.13114754098360656,
  "tol": 0.05
}