{
  "test_mse": 0.013133916072547436,
  "test_mae": 0.08582189679145813,
  "test_r2": 0.9182453155517578,
  "test_max_error": 0.27921879291534424,
  "extrap_mse": 0.026083288714289665,
  "extrap_mae": 0.14005985856056213,
  "extrap_r2": 0.468733549118042,
  "extrap_max_error": 0.27921879291534424,
  "mu_abs_err": 0.910947322845459,
  "mu_rel_err": 0.30364910761505176,
  "tp": 39,
  "fp": 104,
  "tn": 171,
  "fn": 186,
  "accuracy": 0.42,
  "extrap_accuracy": 0.17333333333333334,
  "precision": 0.2727272727272727,
  "recall": 0.17333333333333334,
  "f1": 0.21195652173913043,
  "tol": 0.05
}