{
  "test_mse": 0.0064151654951274395,
  "test_mae": 0.06425341963768005,
  "test_r2": 0.9264779090881348,
  "test_max_error": 0.18756040930747986,
  "extrap_mse": 0.007253757677972317,
  "extrap_mae": 0.07118064165115356,
  "extrap_r2": -0.25073933601379395,
  "extrap_max_error": 0.18756040930747986,
  "mu_abs_err": 1.6416654586791992,
  "mu_rel_err": 0.27361090977982094,
  "tp": 77,
  "fp": 126,
  "tn": 149,
  "fn": 148,
  "accuracy": 0.452,
  "extrap_accuracy": 0.3422222222222222,
  "precision": 0.3793103448275862,
  "recall": 0.3422222222222222,
  "f1": 0.3598130841121495,
  "tol": 0.05
}