{
  "test_mse": 0.00788852572441101,
  "test_mae": 0.0741889476776123,
  "test_r2": 0.9385637640953064,
  "test_max_error": 0.18256348371505737,
  "extrap_mse": 0.010104192420840263,
  "extrap_mae": 0.08831290900707245,
  "extrap_r2": 0.826302170753479,
  "extrap_max_error": 0.18256348371505737,
  "mu_abs_err": 1.011486530303955,
  "mu_rel_err": 0.25287163257592554,
  "tp": 87,
  "fp": 6,
  "tn": 119,
  "fn": 288,
  "accuracy": 0.412,
  "extrap_accuracy": 0.232,
  "precision": 0.9354838709677419,
  "recall": 0.232,
  "f1": 0.37179487179487175,
  "tol": 0.05
}