{
  "test_mse": 0.0002561449073255062,
  "test_mae": 0.01179725956171751,
  "test_r2": 0.9984055757522583,
  "test_max_error": 0.10131007432937622,
  "extrap_mse": 0.0002125703904312104,
  "extrap_mae": 0.011803221888840199,
  "extrap_r2": 0.9956703782081604,
  "extrap_max_error": 0.028392985463142395,
  "mu_abs_err": 0.08026790618896484,
  "mu_rel_err": 0.02675596872964603,
  "tp": 225,
  "fp": 6,
  "tn": 269,
  "fn": 0,
  "accuracy": 0.988,
  "extrap_accuracy": 1.0,
  "precision": 0.974025974025974,
  "recall": 1.0,
  "f1": 0.9868421052631579,
  "tol": 0.05
}