{
  "test_mse": 0.00031714237411506474,
  "test_mae": 0.01504796463996172,
  "test_r2": 0.9975301027297974,
  "test_max_error": 0.03540731966495514,
  "extrap_mse": 0.0004751337110064924,
  "extrap_mae": 0.0192707646638155,
  "extrap_r2": 0.9792928695678711,
  "extrap_max_error": 0.03540731966495514,
  "mu_abs_err": 0.06013202667236328,
  "mu_rel_err": 0.015033006668087061,
  "tp": 225,
  "fp": 0,
  "tn": 275,
  "fn": 0,
  "accuracy": 1.0,
  "extrap_accuracy": 1.0,
  "precision": 1.0,
  "recall": 1.0,
  "f1": 1.0,
  "tol": 0.05
}