{
  "test_mse": 0.04873469099402428,
  "test_mae": 0.16484880447387695,
  "test_r2": 0.696641206741333,
  "test_max_error": 0.5036261677742004,
  "extrap_mse": 0.05044567584991455,
  "extrap_mae": 0.19973056018352509,
  "extrap_r2": -0.0274813175201416,
  "extrap_max_error": 0.3738192021846771,
  "mu_abs_err": 1.9919233322143555,
  "mu_rel_err": 0.6639744440712305,
  "tp": 24,
  "fp": 126,
  "tn": 149,
  "fn": 201,
  "accuracy": 0.346,
  "extrap_accuracy": 0.10666666666666667,
  "precision": 0.16,
  "recall": 0.10666666666666667,
  "f1": 0.128,
  "tol": 0.05
}