{
  "test_mse": 0.10515254735946655,
  "test_mae": 0.27730491757392883,
  "test_r2": 0.34545695781707764,
  "test_max_error": 0.6153397560119629,
  "extrap_mse": 0.04920119792222977,
  "extrap_mae": 0.19516852498054504,
  "extrap_r2": -0.0021337270736694336,
  "extrap_max_error": 0.3968966603279114,
  "mu_abs_err": 15.554838180541992,
  "mu_rel_err": 5.184946060178936,
  "tp": 27,
  "fp": 254,
  "tn": 21,
  "fn": 198,
  "accuracy": 0.096,
  "extrap_accuracy": 0.12,
  "precision": 0.09608540925266904,
  "recall": 0.12,
  "f1": 0.1067193675889328,
  "tol": 0.05
}