{
  "test_mse": 0.010245140641927719,
  "test_mae": 0.06544220447540283,
  "test_r2": 0.9202103614807129,
  "test_max_error": 0.23861226439476013,
  "extrap_mse": 0.022686148062348366,
  "extrap_mae": 0.13712653517723083,
  "extrap_r2": 0.011298596858978271,
  "extrap_max_error": 0.23861226439476013,
  "mu_abs_err": 0.5441126823425293,
  "mu_rel_err": 0.13602817058559832,
  "tp": 27,
  "fp": 0,
  "tn": 275,
  "fn": 198,
  "accuracy": 0.604,
  "extrap_accuracy": 0.12,
  "precision": 1.0,
  "recall": 0.12,
  "f1": 0.21428571428571425,
  "tol": 0.05
}