{
  "test_mse": 0.11012192070484161,
  "test_mae": 0.20597632229328156,
  "test_r2": 0.3145241141319275,
  "test_max_error": 0.8291310667991638,
  "extrap_mse": 0.24429698288440704,
  "extrap_mae": 0.4416322708129883,
  "extrap_r2": -3.9758596420288086,
  "extrap_max_error": 0.8291310667991638,
  "mu_abs_err": 3.0,
  "mu_rel_err": 0.9999999999996666,
  "tp": 0,
  "fp": 4,
  "tn": 271,
  "fn": 225,
  "accuracy": 0.542,
  "extrap_accuracy": 0.0,
  "precision": 0.0,
  "recall": 0.0,
  "f1": NaN,
  "tol": 0.05
}