{
  "test_mse": 5.7635937992017716e-05,
  "test_mae": 0.006295979022979736,
  "test_r2": 0.9996412396430969,
  "test_max_error": 0.01676693558692932,
  "extrap_mse": 8.870537567418069e-05,
  "extrap_mae": 0.008037183433771133,
  "extrap_r2": 0.9981932640075684,
  "extrap_max_error": 0.01676693558692932,
  "mu_abs_err": 0.15967011451721191,
  "mu_rel_err": 0.05322337150571956,
  "tp": 225,
  "fp": 0,
  "tn": 275,
  "fn": 0,
  "accuracy": 1.0,
  "extrap_accuracy": 1.0,
  "precision": 1.0,
  "recall": 1.0,
  "f1": 1.0,
  "tol": 0.05
}