{
  "test_mse": 5.3355470299720764e-05,
  "test_mae": 0.005611319560557604,
  "test_r2": 0.9991891980171204,
  "test_max_error": 0.020869046449661255,
  "extrap_mse": 2.9545219149440527e-05,
  "extrap_mae": 0.0044434042647480965,
  "extrap_r2": 0.9831022024154663,
  "extrap_max_error": 0.010920768603682518,
  "mu_abs_err": 0.02083301544189453,
  "mu_rel_err": 0.0026041269302364907,
  "tp": 225,
  "fp": 0,
  "tn": 275,
  "fn": 0,
  "accuracy": 1.0,
  "extrap_accuracy": 1.0,
  "precision": 1.0,
  "recall": 1.0,
  "f1": 1.0,
  "tol": 0.05
}