{
  "test_mse": 0.03504815697669983,
  "test_mae": 0.12070125341415405,
  "test_r2": 0.7818357348442078,
  "test_max_error": 0.5313073396682739,
  "extrap_mse": 0.077006995677948,
  "extrap_mae": 0.2415233999490738,
  "extrap_r2": -0.5684844255447388,
  "extrap_max_error": 0.5313073396682739,
  "mu_abs_err": 0.45636701583862305,
  "mu_rel_err": 0.15212233861282365,
  "tp": 17,
  "fp": 9,
  "tn": 266,
  "fn": 208,
  "accuracy": 0.566,
  "extrap_accuracy": 0.07555555555555556,
  "precision": 0.6538461538461539,
  "recall": 0.07555555555555556,
  "f1": 0.13545816733067728,
  "tol": 0.05
}