{
  "test_mse": 0.12463504076004028,
  "test_mae": 0.29523083567619324,
  "test_r2": 0.22418427467346191,
  "test_max_error": 0.7165427803993225,
  "extrap_mse": 0.04906254634261131,
  "extrap_mae": 0.19546937942504883,
  "extrap_r2": 0.0006902813911437988,
  "extrap_max_error": 0.3888651132583618,
  "mu_abs_err": 25.841365814208984,
  "mu_rel_err": 8.613788604733456,
  "tp": 26,
  "fp": 248,
  "tn": 27,
  "fn": 199,
  "accuracy": 0.106,
  "extrap_accuracy": 0.11555555555555555,
  "precision": 0.0948905109489051,
  "recall": 0.11555555555555555,
  "f1": 0.10420841683366733,
  "tol": 0.05
}