{
  "test_mse": 0.0030520015861839056,
  "test_mae": 0.04514740779995918,
  "test_r2": 0.9762308597564697,
  "test_max_error": 0.11751767992973328,
  "extrap_mse": 0.00541476346552372,
  "extrap_mae": 0.06672555953264236,
  "extrap_r2": 0.7640153169631958,
  "extrap_max_error": 0.11751767992973328,
  "mu_abs_err": 0.8626270294189453,
  "mu_rel_err": 0.2156567573546824,
  "tp": 69,
  "fp": 53,
  "tn": 222,
  "fn": 156,
  "accuracy": 0.582,
  "extrap_accuracy": 0.30666666666666664,
  "precision": 0.5655737704918032,
  "recall": 0.30666666666666664,
  "f1": 0.39769452449567716,
  "tol": 0.05
}