{
  "test_mse": 8.330312266480178e-05,
  "test_mae": 0.007217965554445982,
  "test_r2": 0.9993512034416199,
  "test_max_error": 0.02098172903060913,
  "extrap_mse": 9.19506637728773e-05,
  "extrap_mae": 0.008350052870810032,
  "extrap_r2": 0.993490993976593,
  "extrap_max_error": 0.014668423682451248,
  "mu_abs_err": 0.0949862003326416,
  "mu_rel_err": 0.023746550083154464,
  "tp": 100,
  "fp": 0,
  "tn": 400,
  "fn": 0,
  "accuracy": 1.0,
  "extrap_accuracy": 1.0,
  "precision": 1.0,
  "recall": 1.0,
  "f1": 1.0,
  "tol": 0.05
}