{
  "test_mse": 0.12866118550300598,
  "test_mae": 0.2809062600135803,
  "test_r2": -0.0020192861557006836,
  "test_max_error": 0.9999706149101257,
  "extrap_mse": 0.025197699666023254,
  "extrap_mae": 0.13995972275733948,
  "extrap_r2": -0.0981590747833252,
  "extrap_max_error": 0.28279727697372437,
  "mu_abs_err": 3.4176979660987854,
  "mu_rel_err": 0.8544244915244827,
  "tp": 34,
  "fp": 262,
  "tn": 13,
  "fn": 191,
  "accuracy": 0.094,
  "extrap_accuracy": 0.1511111111111111,
  "precision": 0.11486486486486487,
  "recall": 0.1511111111111111,
  "f1": 0.1305182341650672,
  "tol": 0.05
}