{
  "test_mse": 0.02025303989648819,
  "test_mae": 0.10181980580091476,
  "test_r2": 0.8739309310913086,
  "test_max_error": 0.3352421522140503,
  "extrap_mse": 0.04128233343362808,
  "extrap_mae": 0.1787659227848053,
  "extrap_r2": 0.15915828943252563,
  "extrap_max_error": 0.3352421522140503,
  "mu_abs_err": 1.2238726615905762,
  "mu_rel_err": 0.4079575538633894,
  "tp": 28,
  "fp": 84,
  "tn": 191,
  "fn": 197,
  "accuracy": 0.438,
  "extrap_accuracy": 0.12444444444444444,
  "precision": 0.25,
  "recall": 0.12444444444444444,
  "f1": 0.1661721068249258,
  "tol": 0.05
}