{
  "test_mse": 0.002520902082324028,
  "test_mae": 0.03138582408428192,
  "test_r2": 0.980367124080658,
  "test_max_error": 0.12137260288000107,
  "extrap_mse": 0.005565520375967026,
  "extrap_mae": 0.06377215683460236,
  "extrap_r2": 0.7574450373649597,
  "extrap_max_error": 0.12137260288000107,
  "mu_abs_err": 0.08112192153930664,
  "mu_rel_err": 0.02028048038482159,
  "tp": 91,
  "fp": 0,
  "tn": 275,
  "fn": 134,
  "accuracy": 0.732,
  "extrap_accuracy": 0.40444444444444444,
  "precision": 1.0,
  "recall": 0.40444444444444444,
  "f1": 0.5759493670886077,
  "tol": 0.05
}