{
  "test_mse": 0.0033788857981562614,
  "test_mae": 0.04826291278004646,
  "test_r2": 0.9789674282073975,
  "test_max_error": 0.12397721409797668,
  "extrap_mse": 0.005503311287611723,
  "extrap_mae": 0.06451655179262161,
  "extrap_r2": 0.8879081606864929,
  "extrap_max_error": 0.12397721409797668,
  "mu_abs_err": 0.49549341201782227,
  "mu_rel_err": 0.16516447067255235,
  "tp": 85,
  "fp": 67,
  "tn": 208,
  "fn": 140,
  "accuracy": 0.586,
  "extrap_accuracy": 0.37777777777777777,
  "precision": 0.5592105263157895,
  "recall": 0.37777777777777777,
  "f1": 0.4509283819628647,
  "tol": 0.05
}