{
  "test_mse": 0.00010851211845874786,
  "test_mae": 0.008545562624931335,
  "test_r2": 0.9991549253463745,
  "test_max_error": 0.02185085415840149,
  "extrap_mse": 9.014297393150628e-05,
  "extrap_mae": 0.00790793914347887,
  "extrap_r2": 0.9960713982582092,
  "extrap_max_error": 0.019227802753448486,
  "mu_abs_err": 0.04724931716918945,
  "mu_rel_err": 0.01181232929229441,
  "tp": 225,
  "fp": 0,
  "tn": 275,
  "fn": 0,
  "accuracy": 1.0,
  "extrap_accuracy": 1.0,
  "precision": 1.0,
  "recall": 1.0,
  "f1": 1.0,
  "tol": 0.05
}