{
  "test_mse": 6.946891517145559e-05,
  "test_mae": 0.0069863502867519855,
  "test_r2": 0.9989443421363831,
  "test_max_error": 0.016770802438259125,
  "extrap_mse": 6.128452514531091e-05,
  "extrap_mae": 0.006303882692009211,
  "extrap_r2": 0.9649495482444763,
  "extrap_max_error": 0.01673729717731476,
  "mu_abs_err": 0.05037498474121094,
  "mu_rel_err": 0.00629687309265058,
  "tp": 225,
  "fp": 0,
  "tn": 275,
  "fn": 0,
  "accuracy": 1.0,
  "extrap_accuracy": 1.0,
  "precision": 1.0,
  "recall": 1.0,
  "f1": 1.0,
  "tol": 0.05
}