{
  "test_mse": 1.5571125913993455e-05,
  "test_mae": 0.0034323884174227715,
  "test_r2": 0.9998787045478821,
  "test_max_error": 0.008158236742019653,
  "extrap_mse": 1.1148669727845117e-05,
  "extrap_mae": 0.003011791268363595,
  "extrap_r2": 0.999514102935791,
  "extrap_max_error": 0.004976492375135422,
  "mu_abs_err": 0.023568153381347656,
  "mu_rel_err": 0.005892038345335441,
  "tp": 225,
  "fp": 0,
  "tn": 275,
  "fn": 0,
  "accuracy": 1.0,
  "extrap_accuracy": 1.0,
  "precision": 1.0,
  "recall": 1.0,
  "f1": 1.0,
  "tol": 0.05
}