{
  "test_mse": 0.13766242563724518,
  "test_mae": 0.3065713942050934,
  "test_r2": 0.14309269189834595,
  "test_max_error": 0.8011578917503357,
  "extrap_mse": 0.04936521500349045,
  "extrap_mae": 0.1936747282743454,
  "extrap_r2": -0.005474448204040527,
  "extrap_max_error": 0.40851330757141113,
  "mu_abs_err": 30.200336456298828,
  "mu_rel_err": 10.06677881876292,
  "tp": 27,
  "fp": 256,
  "tn": 19,
  "fn": 198,
  "accuracy": 0.092,
  "extrap_accuracy": 0.12,
  "precision": 0.09540636042402827,
  "recall": 0.12,
  "f1": 0.10629921259842519,
  "tol": 0.05
}