{
  "test_mse": 0.1641353815793991,
  "test_mae": 0.23493336141109467,
  "test_r2": -0.2782939672470093,
  "test_max_error": 1.026946783065796,
  "extrap_mse": 0.36461561918258667,
  "extrap_mae": 0.5116349458694458,
  "extrap_r2": -14.890575408935547,
  "extrap_max_error": 1.026946783065796,
  "mu_abs_err": 4.0,
  "mu_rel_err": 0.99999999999975,
  "tp": 6,
  "fp": 0,
  "tn": 275,
  "fn": 219,
  "accuracy": 0.562,
  "extrap_accuracy": 0.02666666666666667,
  "precision": 1.0,
  "recall": 0.02666666666666667,
  "f1": 0.05194805194805195,
  "tol": 0.05
}