{
  "test_mse": 0.013761771842837334,
  "test_mae": 0.07634749263525009,
  "test_r2": 0.9143370985984802,
  "test_max_error": 0.3170449733734131,
  "extrap_mse": 0.030041983351111412,
  "extrap_mae": 0.14837539196014404,
  "extrap_r2": 0.38810259103775024,
  "extrap_max_error": 0.3170449733734131,
  "mu_abs_err": 0.6044578552246094,
  "mu_rel_err": 0.2014859517414693,
  "tp": 41,
  "fp": 0,
  "tn": 275,
  "fn": 184,
  "accuracy": 0.632,
  "extrap_accuracy": 0.18222222222222223,
  "precision": 1.0,
  "recall": 0.18222222222222223,
  "f1": 0.3082706766917293,
  "tol": 0.05
}