{
  "test_mse": 0.003010944928973913,
  "test_mae": 0.04052775725722313,
  "test_r2": 0.9765506386756897,
  "test_max_error": 0.1201903373003006,
  "extrap_mse": 0.006289627868682146,
  "extrap_mae": 0.07197403162717819,
  "extrap_r2": 0.7258871793746948,
  "extrap_max_error": 0.1201903373003006,
  "mu_abs_err": 0.2662181854248047,
  "mu_rel_err": 0.06655454635618453,
  "tp": 62,
  "fp": 0,
  "tn": 275,
  "fn": 163,
  "accuracy": 0.674,
  "extrap_accuracy": 0.27555555555555555,
  "precision": 1.0,
  "recall": 0.27555555555555555,
  "f1": 0.43205574912891986,
  "tol": 0.05
}