{
  "test_mse": 0.034780096262693405,
  "test_mae": 0.10870988667011261,
  "test_r2": 0.7291309833526611,
  "test_max_error": 0.493651807308197,
  "extrap_mse": 0.07712987065315247,
  "extrap_mae": 0.23123463988304138,
  "extrap_r2": -2.361452579498291,
  "extrap_max_error": 0.493651807308197,
  "mu_abs_err": 4.0,
  "mu_rel_err": 0.99999999999975,
  "tp": 26,
  "fp": 0,
  "tn": 275,
  "fn": 199,
  "accuracy": 0.602,
  "extrap_accuracy": 0.11555555555555555,
  "precision": 1.0,
  "recall": 0.11555555555555555,
  "f1": 0.20717131474103584,
  "tol": 0.05
}