{
  "test_mse": 0.039369918406009674,
  "test_mae": 0.1733144372701645,
  "test_r2": 0.6933852434158325,
  "test_max_error": 0.3727108836174011,
  "extrap_mse": 0.029516682028770447,
  "extrap_mae": 0.1514294296503067,
  "extrap_r2": -0.2863878011703491,
  "extrap_max_error": 0.3138323128223419,
  "mu_abs_err": 3.815664291381836,
  "mu_rel_err": 0.9539160728452205,
  "tp": 25,
  "fp": 239,
  "tn": 36,
  "fn": 200,
  "accuracy": 0.122,
  "extrap_accuracy": 0.1111111111111111,
  "precision": 0.0946969696969697,
  "recall": 0.1111111111111111,
  "f1": 0.10224948875255623,
  "tol": 0.05
}