{
  "test_mse": 0.009135478176176548,
  "test_mae": 0.06493272632360458,
  "test_r2": 0.9431343674659729,
  "test_max_error": 0.2773573100566864,
  "extrap_mse": 0.01937875896692276,
  "extrap_mae": 0.11649543792009354,
  "extrap_r2": 0.6052919626235962,
  "extrap_max_error": 0.2773573100566864,
  "mu_abs_err": 0.6689319610595703,
  "mu_rel_err": 0.22297732035311577,
  "tp": 56,
  "fp": 20,
  "tn": 255,
  "fn": 169,
  "accuracy": 0.622,
  "extrap_accuracy": 0.24888888888888888,
  "precision": 0.7368421052631579,
  "recall": 0.24888888888888888,
  "f1": 0.37209302325581395,
  "tol": 0.05
}