{
  "test_mse": 0.006746592931449413,
  "test_mae": 0.052263468503952026,
  "test_r2": 0.9474571943283081,
  "test_max_error": 0.19652119278907776,
  "extrap_mse": 0.014879366382956505,
  "extrap_mae": 0.10759231448173523,
  "extrap_r2": 0.35153162479400635,
  "extrap_max_error": 0.19652119278907776,
  "mu_abs_err": 0.28446340560913086,
  "mu_rel_err": 0.07111585140226494,
  "tp": 46,
  "fp": 0,
  "tn": 275,
  "fn": 179,
  "accuracy": 0.642,
  "extrap_accuracy": 0.20444444444444446,
  "precision": 1.0,
  "recall": 0.20444444444444446,
  "f1": 0.33948339483394835,
  "tol": 0.05
}