{
  "test_mse": 0.09235653281211853,
  "test_mae": 0.2555374205112457,
  "test_r2": 0.42510831356048584,
  "test_max_error": 0.629052996635437,
  "extrap_mse": 0.0505172461271286,
  "extrap_mae": 0.1974576860666275,
  "extrap_r2": -0.028939127922058105,
  "extrap_max_error": 0.41269218921661377,
  "mu_abs_err": 9.903809547424316,
  "mu_rel_err": 3.3012698491403385,
  "tp": 25,
  "fp": 242,
  "tn": 33,
  "fn": 200,
  "accuracy": 0.116,
  "extrap_accuracy": 0.1111111111111111,
  "precision": 0.09363295880149813,
  "recall": 0.1111111111111111,
  "f1": 0.1016260162601626,
  "tol": 0.05
}