{
  "test_mse": 0.005875047296285629,
  "test_mae": 0.04837622120976448,
  "test_r2": 0.9634295701980591,
  "test_max_error": 0.196292906999588,
  "extrap_mse": 0.012990529648959637,
  "extrap_mae": 0.09989339113235474,
  "extrap_r2": 0.7354078888893127,
  "extrap_max_error": 0.196292906999588,
  "mu_abs_err": 0.6213595867156982,
  "mu_rel_err": 0.20711986223849704,
  "tp": 48,
  "fp": 0,
  "tn": 275,
  "fn": 177,
  "accuracy": 0.646,
  "extrap_accuracy": 0.21333333333333335,
  "precision": 1.0,
  "recall": 0.21333333333333335,
  "f1": 0.3516483516483517,
  "tol": 0.05
}