{
  "test_mse": 0.0016151433810591698,
  "test_mae": 0.027773311361670494,
  "test_r2": 0.9874212145805359,
  "test_max_error": 0.10875186324119568,
  "extrap_mse": 0.0034277508966624737,
  "extrap_mae": 0.05087374523282051,
  "extrap_r2": 0.8506127595901489,
  "extrap_max_error": 0.10875186324119568,
  "mu_abs_err": 0.33786535263061523,
  "mu_rel_err": 0.08446633815763269,
  "tp": 128,
  "fp": 0,
  "tn": 275,
  "fn": 97,
  "accuracy": 0.806,
  "extrap_accuracy": 0.5688888888888889,
  "precision": 1.0,
  "recall": 0.5688888888888889,
  "f1": 0.725212464589235,
  "tol": 0.05
}