{
  "test_mse": 0.00035671170917339623,
  "test_mae": 0.0161368977278471,
  "test_r2": 0.9977795481681824,
  "test_max_error": 0.039112068712711334,
  "extrap_mse": 0.00043975061271339655,
  "extrap_mae": 0.01864098571240902,
  "extrap_r2": 0.9878342747688293,
  "extrap_max_error": 0.033068835735321045,
  "mu_abs_err": 0.0036559104919433594,
  "mu_rel_err": 0.0012186368306473802,
  "tp": 100,
  "fp": 0,
  "tn": 400,
  "fn": 0,
  "accuracy": 1.0,
  "extrap_accuracy": 1.0,
  "precision": 1.0,
  "recall": 1.0,
  "f1": 1.0,
  "tol": 0.05
}