{
  "test_mse": 0.0006964942440390587,
  "test_mae": 0.020690487697720528,
  "test_r2": 0.9945756793022156,
  "test_max_error": 0.05854883790016174,
  "extrap_mse": 0.0013272014912217855,
  "extrap_mae": 0.03207233175635338,
  "extrap_r2": 0.9421582818031311,
  "extrap_max_error": 0.05854883790016174,
  "mu_abs_err": 0.04009199142456055,
  "mu_rel_err": 0.01002299785613763,
  "tp": 179,
  "fp": 0,
  "tn": 275,
  "fn": 46,
  "accuracy": 0.908,
  "extrap_accuracy": 0.7955555555555556,
  "precision": 1.0,
  "recall": 0.7955555555555556,
  "f1": 0.8861386138613861,
  "tol": 0.05
}