{
  "test_mse": 0.000740784511435777,
  "test_mae": 0.022519158199429512,
  "test_r2": 0.9942307472229004,
  "test_max_error": 0.05581917613744736,
  "extrap_mse": 0.001298731192946434,
  "extrap_mae": 0.03230127692222595,
  "extrap_r2": 0.9433990716934204,
  "extrap_max_error": 0.05581917613744736,
  "mu_abs_err": 0.14406871795654297,
  "mu_rel_err": 0.036017179489126736,
  "tp": 185,
  "fp": 0,
  "tn": 275,
  "fn": 40,
  "accuracy": 0.92,
  "extrap_accuracy": 0.8222222222222222,
  "precision": 1.0,
  "recall": 0.8222222222222222,
  "f1": 0.9024390243902439,
  "tol": 0.05
}