{
  "test_mse": 0.10663201659917831,
  "test_mae": 0.2728249728679657,
  "test_r2": 0.33624768257141113,
  "test_max_error": 0.6862279176712036,
  "extrap_mse": 0.03729180991649628,
  "extrap_mae": 0.17160624265670776,
  "extrap_r2": -0.031678199768066406,
  "extrap_max_error": 0.30799955129623413,
  "mu_abs_err": 14.872076034545898,
  "mu_rel_err": 4.957358678180314,
  "tp": 14,
  "fp": 352,
  "tn": 48,
  "fn": 86,
  "accuracy": 0.124,
  "extrap_accuracy": 0.14,
  "precision": 0.03825136612021858,
  "recall": 0.14,
  "f1": 0.06008583690987125,
  "tol": 0.05
}