{
  "test_mse": 0.006603107787668705,
  "test_mae": 0.0576881505548954,
  "test_r2": 0.9588976502418518,
  "test_max_error": 0.22406943142414093,
  "extrap_mse": 0.013700771145522594,
  "extrap_mae": 0.10058499127626419,
  "extrap_r2": 0.7209416627883911,
  "extrap_max_error": 0.22406943142414093,
  "mu_abs_err": 0.5049502849578857,
  "mu_rel_err": 0.16831676165257248,
  "tp": 51,
  "fp": 27,
  "tn": 248,
  "fn": 174,
  "accuracy": 0.598,
  "extrap_accuracy": 0.22666666666666666,
  "precision": 0.6538461538461539,
  "recall": 0.22666666666666666,
  "f1": 0.33663366336633666,
  "tol": 0.05
}