{
  "test_mse": 0.009484222158789635,
  "test_mae": 0.06908157467842102,
  "test_r2": 0.9261364340782166,
  "test_max_error": 0.21200346946716309,
  "extrap_mse": 0.020545288920402527,
  "extrap_mae": 0.13148513436317444,
  "extrap_r2": 0.10460090637207031,
  "extrap_max_error": 0.21200346946716309,
  "mu_abs_err": 0.6831636428833008,
  "mu_rel_err": 0.1707909107207825,
  "tp": 27,
  "fp": 0,
  "tn": 275,
  "fn": 198,
  "accuracy": 0.604,
  "extrap_accuracy": 0.12,
  "precision": 1.0,
  "recall": 0.12,
  "f1": 0.21428571428571425,
  "tol": 0.05
}