{
  "test_mse": 6.133276474429294e-05,
  "test_mae": 0.006368808913975954,
  "test_r2": 0.9992970824241638,
  "test_max_error": 0.01784098893404007,
  "extrap_mse": 8.81845917319879e-05,
  "extrap_mae": 0.007971704006195068,
  "extrap_r2": 0.9847946763038635,
  "extrap_max_error": 0.01784098893404007,
  "mu_abs_err": 0.0921316146850586,
  "mu_rel_err": 0.015355269114173873,
  "tp": 225,
  "fp": 0,
  "tn": 275,
  "fn": 0,
  "accuracy": 1.0,
  "extrap_accuracy": 1.0,
  "precision": 1.0,
  "recall": 1.0,
  "f1": 1.0,
  "tol": 0.05
}