{
  "test_mse": 0.019668452441692352,
  "test_mae": 0.11101992428302765,
  "test_r2": 0.8468211889266968,
  "test_max_error": 0.29637113213539124,
  "extrap_mse": 0.026055553928017616,
  "extrap_mae": 0.14256198704242706,
  "extrap_r2": 0.552087664604187,
  "extrap_max_error": 0.29637113213539124,
  "mu_abs_err": 1.9578609466552734,
  "mu_rel_err": 0.48946523666369596,
  "tp": 47,
  "fp": 7,
  "tn": 118,
  "fn": 328,
  "accuracy": 0.33,
  "extrap_accuracy": 0.12533333333333332,
  "precision": 0.8703703703703703,
  "recall": 0.12533333333333332,
  "f1": 0.2191142191142191,
  "tol": 0.05
}