{
  "test_mse": 0.00020790471171494573,
  "test_mae": 0.012635720893740654,
  "test_r2": 0.9983808398246765,
  "test_max_error": 0.024265028536319733,
  "extrap_mse": 0.0002045732398983091,
  "extrap_mae": 0.012573081068694592,
  "extrap_r2": 0.9964832663536072,
  "extrap_max_error": 0.02351120114326477,
  "mu_abs_err": 0.14308643341064453,
  "mu_rel_err": 0.03577160835265219,
  "tp": 375,
  "fp": 0,
  "tn": 125,
  "fn": 0,
  "accuracy": 1.0,
  "extrap_accuracy": 1.0,
  "precision": 1.0,
  "recall": 1.0,
  "f1": 1.0,
  "tol": 0.05
}