{
  "test_mse": 0.05591818690299988,
  "test_mae": 0.20043839514255524,
  "test_r2": 0.5645065307617188,
  "test_max_error": 0.4793964624404907,
  "extrap_mse": 0.025681089609861374,
  "extrap_mae": 0.14164948463439941,
  "extrap_r2": -0.11922597885131836,
  "extrap_max_error": 0.2829051911830902,
  "mu_abs_err": 9.726767539978027,
  "mu_rel_err": 2.431691884993899,
  "tp": 31,
  "fp": 245,
  "tn": 30,
  "fn": 194,
  "accuracy": 0.122,
  "extrap_accuracy": 0.13777777777777778,
  "precision": 0.11231884057971014,
  "recall": 0.13777777777777778,
  "f1": 0.12375249500998003,
  "tol": 0.05
}