{
  "test_mse": 0.06607938557863235,
  "test_mae": 0.2131643444299698,
  "test_r2": 0.4853706955909729,
  "test_max_error": 0.5083630084991455,
  "extrap_mse": 0.02570256218314171,
  "extrap_mae": 0.14108629524707794,
  "extrap_r2": -0.12016189098358154,
  "extrap_max_error": 0.28755784034729004,
  "mu_abs_err": 12.626533508300781,
  "mu_rel_err": 3.156633377074406,
  "tp": 32,
  "fp": 241,
  "tn": 34,
  "fn": 193,
  "accuracy": 0.132,
  "extrap_accuracy": 0.14222222222222222,
  "precision": 0.11721611721611722,
  "recall": 0.14222222222222222,
  "f1": 0.1285140562248996,
  "tol": 0.05
}