{
  "test_mse": 0.04778192192316055,
  "test_mae": 0.18644100427627563,
  "test_r2": 0.6278721690177917,
  "test_max_error": 0.4015561044216156,
  "extrap_mse": 0.026043137535452843,
  "extrap_mae": 0.14157570898532867,
  "extrap_r2": -0.13500475883483887,
  "extrap_max_error": 0.2901688516139984,
  "mu_abs_err": 7.978669166564941,
  "mu_rel_err": 1.9946672916407366,
  "tp": 32,
  "fp": 237,
  "tn": 38,
  "fn": 193,
  "accuracy": 0.14,
  "extrap_accuracy": 0.14222222222222222,
  "precision": 0.11895910780669144,
  "recall": 0.14222222222222222,
  "f1": 0.12955465587044535,
  "tol": 0.05
}