{
  "test_mse": 0.014018336310982704,
  "test_mae": 0.10495501756668091,
  "test_r2": 0.890824556350708,
  "test_max_error": 0.1963644027709961,
  "extrap_mse": 0.013537390157580376,
  "extrap_mae": 0.10471007227897644,
  "extrap_r2": 0.4100172519683838,
  "extrap_max_error": 0.18810147047042847,
  "mu_abs_err": 2.7979235649108887,
  "mu_rel_err": 0.6994808912275473,
  "tp": 40,
  "fp": 214,
  "tn": 61,
  "fn": 185,
  "accuracy": 0.202,
  "extrap_accuracy": 0.17777777777777778,
  "precision": 0.15748031496062992,
  "recall": 0.17777777777777778,
  "f1": 0.16701461377870566,
  "tol": 0.05
}