{
  "test_mse": 0.006555214989930391,
  "test_mae": 0.052642591297626495,
  "test_r2": 0.9591957330703735,
  "test_max_error": 0.24122777581214905,
  "extrap_mse": 0.014084993861615658,
  "extrap_mae": 0.09713862836360931,
  "extrap_r2": 0.7131158113479614,
  "extrap_max_error": 0.24122777581214905,
  "mu_abs_err": 0.464141845703125,
  "mu_rel_err": 0.15471394856765674,
  "tp": 73,
  "fp": 0,
  "tn": 275,
  "fn": 152,
  "accuracy": 0.696,
  "extrap_accuracy": 0.3244444444444444,
  "precision": 1.0,
  "recall": 0.3244444444444444,
  "f1": 0.4899328859060402,
  "tol": 0.05
}