{
  "test_mse": 0.012757080607116222,
  "test_mae": 0.08184587955474854,
  "test_r2": 0.9006472826004028,
  "test_max_error": 0.24953773617744446,
  "extrap_mse": 0.027037184685468674,
  "extrap_mae": 0.14980530738830566,
  "extrap_r2": -0.17832696437835693,
  "extrap_max_error": 0.24953773617744446,
  "mu_abs_err": 0.7697615623474121,
  "mu_rel_err": 0.1924403905868049,
  "tp": 24,
  "fp": 36,
  "tn": 239,
  "fn": 201,
  "accuracy": 0.526,
  "extrap_accuracy": 0.10666666666666667,
  "precision": 0.4,
  "recall": 0.10666666666666667,
  "f1": 0.16842105263157894,
  "tol": 0.05
}