{
  "test_mse": 0.042193230241537094,
  "test_mae": 0.17318230867385864,
  "test_r2": 0.6713971495628357,
  "test_max_error": 0.3781448304653168,
  "extrap_mse": 0.030151905491948128,
  "extrap_mae": 0.14805783331394196,
  "extrap_r2": -0.3140718936920166,
  "extrap_max_error": 0.33491945266723633,
  "mu_abs_err": 5.987166404724121,
  "mu_rel_err": 1.4967916011806561,
  "tp": 28,
  "fp": 225,
  "tn": 50,
  "fn": 197,
  "accuracy": 0.156,
  "extrap_accuracy": 0.12444444444444444,
  "precision": 0.11067193675889328,
  "recall": 0.12444444444444444,
  "f1": 0.11715481171548116,
  "tol": 0.05
}