{
  "test_mse": 0.06101891025900841,
  "test_mae": 0.21445755660533905,
  "test_r2": 0.6201756000518799,
  "test_max_error": 0.43777140974998474,
  "extrap_mse": 0.04377805069088936,
  "extrap_mae": 0.1845014989376068,
  "extrap_r2": 0.1083253026008606,
  "extrap_max_error": 0.3717755675315857,
  "mu_abs_err": 7.421174049377441,
  "mu_rel_err": 2.4737246831249893,
  "tp": 25,
  "fp": 241,
  "tn": 34,
  "fn": 200,
  "accuracy": 0.118,
  "extrap_accuracy": 0.1111111111111111,
  "precision": 0.09398496240601503,
  "recall": 0.1111111111111111,
  "f1": 0.10183299389002037,
  "tol": 0.05
}