{
  "test_mse": 6.615714664803818e-05,
  "test_mae": 0.006324095651507378,
  "test_r2": 0.9994847774505615,
  "test_max_error": 0.020863458514213562,
  "extrap_mse": 5.057897578808479e-05,
  "extrap_mae": 0.0058785672299563885,
  "extrap_r2": 0.9977957010269165,
  "extrap_max_error": 0.012561939656734467,
  "mu_abs_err": 0.0933995246887207,
  "mu_rel_err": 0.023349881172174337,
  "tp": 225,
  "fp": 0,
  "tn": 275,
  "fn": 0,
  "accuracy": 1.0,
  "extrap_accuracy": 1.0,
  "precision": 1.0,
  "recall": 1.0,
  "f1": 1.0,
  "tol": 0.05
}