{
  "test_mse": 0.03465985134243965,
  "test_mae": 0.15948092937469482,
  "test_r2": 0.7842528223991394,
  "test_max_error": 0.33402714133262634,
  "extrap_mse": 0.04324238747358322,
  "extrap_mae": 0.1846093386411667,
  "extrap_r2": 0.11923575401306152,
  "extrap_max_error": 0.33402714133262634,
  "mu_abs_err": 3.4929909706115723,
  "mu_rel_err": 1.1643303235368025,
  "tp": 28,
  "fp": 212,
  "tn": 63,
  "fn": 197,
  "accuracy": 0.182,
  "extrap_accuracy": 0.12444444444444444,
  "precision": 0.11666666666666667,
  "recall": 0.12444444444444444,
  "f1": 0.12043010752688173,
  "tol": 0.05
}