{
  "test_mse": 0.0014780149795114994,
  "test_mae": 0.02511260285973549,
  "test_r2": 0.9884891510009766,
  "test_max_error": 0.11128166317939758,
  "extrap_mse": 0.0032014059834182262,
  "extrap_mae": 0.04807809740304947,
  "extrap_r2": 0.8604772090911865,
  "extrap_max_error": 0.11128166317939758,
  "mu_abs_err": 0.2841520309448242,
  "mu_rel_err": 0.07103800773618829,
  "tp": 135,
  "fp": 0,
  "tn": 275,
  "fn": 90,
  "accuracy": 0.82,
  "extrap_accuracy": 0.6,
  "precision": 1.0,
  "recall": 0.6,
  "f1": 0.7499999999999999,
  "tol": 0.05
}