{
  "test_mse": 0.007034666370600462,
  "test_mae": 0.05411071330308914,
  "test_r2": 0.9452136754989624,
  "test_max_error": 0.2020992636680603,
  "extrap_mse": 0.015519474633038044,
  "extrap_mae": 0.11030744761228561,
  "extrap_r2": 0.3236345648765564,
  "extrap_max_error": 0.2020992636680603,
  "mu_abs_err": 0.3659381866455078,
  "mu_rel_err": 0.09148454666135408,
  "tp": 44,
  "fp": 0,
  "tn": 275,
  "fn": 181,
  "accuracy": 0.638,
  "extrap_accuracy": 0.19555555555555557,
  "precision": 1.0,
  "recall": 0.19555555555555557,
  "f1": 0.32713754646840154,
  "tol": 0.05
}