{
  "test_mse": 0.00540458457544446,
  "test_mae": 0.04886201024055481,
  "test_r2": 0.9579088687896729,
  "test_max_error": 0.18560348451137543,
  "extrap_mse": 0.011755629442632198,
  "extrap_mae": 0.09548595547676086,
  "extrap_r2": 0.4876694083213806,
  "extrap_max_error": 0.18560348451137543,
  "mu_abs_err": 0.5081725120544434,
  "mu_rel_err": 0.1270431280135791,
  "tp": 51,
  "fp": 0,
  "tn": 275,
  "fn": 174,
  "accuracy": 0.652,
  "extrap_accuracy": 0.22666666666666666,
  "precision": 1.0,
  "recall": 0.22666666666666666,
  "f1": 0.3695652173913044,
  "tol": 0.05
}