{
  "test_mse": 0.000417368661146611,
  "test_mae": 0.017856629565358162,
  "test_r2": 0.9967495203018188,
  "test_max_error": 0.03511136770248413,
  "extrap_mse": 0.0005035732174292207,
  "extrap_mae": 0.020269766449928284,
  "extrap_r2": 0.9780533909797668,
  "extrap_max_error": 0.03511136770248413,
  "mu_abs_err": 0.3609123229980469,
  "mu_rel_err": 0.09022808074948915,
  "tp": 225,
  "fp": 0,
  "tn": 275,
  "fn": 0,
  "accuracy": 1.0,
  "extrap_accuracy": 1.0,
  "precision": 1.0,
  "recall": 1.0,
  "f1": 1.0,
  "tol": 0.05
}