{
  "test_mse": 0.00028389765066094697,
  "test_mae": 0.013168941251933575,
  "test_r2": 0.9977889657020569,
  "test_max_error": 0.04254212975502014,
  "extrap_mse": 0.0004606624133884907,
  "extrap_mae": 0.016271738335490227,
  "extrap_r2": 0.9799235463142395,
  "extrap_max_error": 0.04254212975502014,
  "mu_abs_err": 0.0929718017578125,
  "mu_rel_err": 0.023242950439447314,
  "tp": 225,
  "fp": 0,
  "tn": 275,
  "fn": 0,
  "accuracy": 1.0,
  "extrap_accuracy": 1.0,
  "precision": 1.0,
  "recall": 1.0,
  "f1": 1.0,
  "tol": 0.05
}