{
  "test_mse": 0.06068688631057739,
  "test_mae": 0.17302170395851135,
  "test_r2": 0.5273677110671997,
  "test_max_error": 0.5631359815597534,
  "extrap_mse": 0.13038213551044464,
  "extrap_mae": 0.32779961824417114,
  "extrap_r2": -4.682277679443359,
  "extrap_max_error": 0.5631359815597534,
  "mu_abs_err": 0.29427194595336914,
  "mu_rel_err": 0.0735679864883239,
  "tp": 0,
  "fp": 103,
  "tn": 172,
  "fn": 225,
  "accuracy": 0.344,
  "extrap_accuracy": 0.0,
  "precision": 0.0,
  "recall": 0.0,
  "f1": NaN,
  "tol": 0.05
}