{
  "test_mse": 0.018938500434160233,
  "test_mae": 0.08041349053382874,
  "test_r2": 0.882113516330719,
  "test_max_error": 0.3642212450504303,
  "extrap_mse": 0.042025357484817505,
  "extrap_mae": 0.17121857404708862,
  "extrap_r2": 0.1440243124961853,
  "extrap_max_error": 0.3642212450504303,
  "mu_abs_err": 0.39433932304382324,
  "mu_rel_err": 0.13144644101456393,
  "tp": 54,
  "fp": 0,
  "tn": 275,
  "fn": 171,
  "accuracy": 0.658,
  "extrap_accuracy": 0.24,
  "precision": 1.0,
  "recall": 0.24,
  "f1": 0.3870967741935484,
  "tol": 0.05
}