{
  "test_mse": 0.056340690702199936,
  "test_mae": 0.1241140216588974,
  "test_r2": 0.6492961049079895,
  "test_max_error": 0.7620103359222412,
  "extrap_mse": 0.12510892748832703,
  "extrap_mae": 0.26747310161590576,
  "extrap_r2": -1.5482280254364014,
  "extrap_max_error": 0.7620103359222412,
  "mu_abs_err": 3.0,
  "mu_rel_err": 0.9999999999996666,
  "tp": 26,
  "fp": 0,
  "tn": 275,
  "fn": 199,
  "accuracy": 0.602,
  "extrap_accuracy": 0.11555555555555555,
  "precision": 1.0,
  "recall": 0.11555555555555555,
  "f1": 0.20717131474103584,
  "tol": 0.05
}