{
  "test_mse": 0.023036258295178413,
  "test_mae": 0.0977073386311531,
  "test_r2": 0.8566061854362488,
  "test_max_error": 0.39378899335861206,
  "extrap_mse": 0.050677236169576645,
  "extrap_mae": 0.19658011198043823,
  "extrap_r2": -0.03219783306121826,
  "extrap_max_error": 0.39378899335861206,
  "mu_abs_err": 0.5291163921356201,
  "mu_rel_err": 0.17637213071181457,
  "tp": 31,
  "fp": 0,
  "tn": 275,
  "fn": 194,
  "accuracy": 0.612,
  "extrap_accuracy": 0.13777777777777778,
  "precision": 1.0,
  "recall": 0.13777777777777778,
  "f1": 0.2421875,
  "tol": 0.05
}