{
  "test_mse": 0.12865856289863586,
  "test_mae": 0.28091663122177124,
  "test_r2": -0.0019989013671875,
  "test_max_error": 0.9999759793281555,
  "extrap_mse": 0.02521127462387085,
  "extrap_mae": 0.1400066763162613,
  "extrap_r2": -0.09875071048736572,
  "extrap_max_error": 0.28285861015319824,
  "mu_abs_err": 4.220002934336662,
  "mu_rel_err": 1.0550007335839018,
  "tp": 34,
  "fp": 262,
  "tn": 13,
  "fn": 191,
  "accuracy": 0.094,
  "extrap_accuracy": 0.1511111111111111,
  "precision": 0.11486486486486487,
  "recall": 0.1511111111111111,
  "f1": 0.1305182341650672,
  "tol": 0.05
}