{
  "test_mse": 0.16065189242362976,
  "test_mae": 0.330974280834198,
  "test_r2": -9.775161743164062e-06,
  "test_max_error": 0.9998095035552979,
  "extrap_mse": 0.049102190881967545,
  "extrap_mae": 0.19558806717395782,
  "extrap_r2": -0.00011718273162841797,
  "extrap_max_error": 0.3890986144542694,
  "mu_abs_err": 3.214093714952469,
  "mu_rel_err": 1.0713645716504658,
  "tp": 25,
  "fp": 264,
  "tn": 11,
  "fn": 200,
  "accuracy": 0.072,
  "extrap_accuracy": 0.1111111111111111,
  "precision": 0.08650519031141868,
  "recall": 0.1111111111111111,
  "f1": 0.09727626459143969,
  "tol": 0.05
}