{
  "test_mse": 0.12859493494033813,
  "test_mae": 0.280783474445343,
  "test_r2": -0.0015033483505249023,
  "test_max_error": 1.0007128715515137,
  "extrap_mse": 0.025202428922057152,
  "extrap_mae": 0.14001613855361938,
  "extrap_r2": -0.0983651876449585,
  "extrap_max_error": 0.28259122371673584,
  "mu_abs_err": 4.550094366073608,
  "mu_rel_err": 1.1375235915181177,
  "tp": 34,
  "fp": 262,
  "tn": 13,
  "fn": 191,
  "accuracy": 0.094,
  "extrap_accuracy": 0.1511111111111111,
  "precision": 0.11486486486486487,
  "recall": 0.1511111111111111,
  "f1": 0.1305182341650672,
  "tol": 0.05
}