{
  "test_mse": 3.858430864056572e-05,
  "test_mae": 0.004695062525570393,
  "test_r2": 0.9996995329856873,
  "test_max_error": 0.019070908427238464,
  "extrap_mse": 2.6831819923245348e-05,
  "extrap_mae": 0.00438126502558589,
  "extrap_r2": 0.9988306164741516,
  "extrap_max_error": 0.010335080325603485,
  "mu_abs_err": 0.005139827728271484,
  "mu_rel_err": 0.0012849569320675497,
  "tp": 225,
  "fp": 0,
  "tn": 275,
  "fn": 0,
  "accuracy": 1.0,
  "extrap_accuracy": 1.0,
  "precision": 1.0,
  "recall": 1.0,
  "f1": 1.0,
  "tol": 0.05
}