{
  "test_mse": 0.014420685358345509,
  "test_mae": 0.07084155082702637,
  "test_r2": 0.8876910209655762,
  "test_max_error": 0.3301123380661011,
  "extrap_mse": 0.03183556720614433,
  "extrap_mae": 0.1444888412952423,
  "extrap_r2": -0.387448787689209,
  "extrap_max_error": 0.3301123380661011,
  "mu_abs_err": 0.26390552520751953,
  "mu_rel_err": 0.06597638130186338,
  "tp": 63,
  "fp": 0,
  "tn": 275,
  "fn": 162,
  "accuracy": 0.676,
  "extrap_accuracy": 0.28,
  "precision": 1.0,
  "recall": 0.28,
  "f1": 0.43750000000000006,
  "tol": 0.05
}