{
  "test_mse": 0.0005222545587457716,
  "test_mae": 0.018327469006180763,
  "test_r2": 0.9967491030693054,
  "test_max_error": 0.051136091351509094,
  "extrap_mse": 0.0008258970337919891,
  "extrap_mae": 0.0244660135358572,
  "extrap_r2": 0.9831780791282654,
  "extrap_max_error": 0.051136091351509094,
  "mu_abs_err": 0.16697287559509277,
  "mu_rel_err": 0.0556576251983457,
  "tp": 219,
  "fp": 0,
  "tn": 275,
  "fn": 6,
  "accuracy": 0.988,
  "extrap_accuracy": 0.9733333333333334,
  "precision": 1.0,
  "recall": 0.9733333333333334,
  "f1": 0.9864864864864865,
  "tol": 0.05
}