{
  "test_mse": 2.308368857484311e-05,
  "test_mae": 0.003644899930804968,
  "test_r2": 0.9998562932014465,
  "test_max_error": 0.013796687126159668,
  "extrap_mse": 1.6165065972018056e-05,
  "extrap_mae": 0.00326537829823792,
  "extrap_r2": 0.9996707439422607,
  "extrap_max_error": 0.007597528398036957,
  "mu_abs_err": 0.0003330707550048828,
  "mu_rel_err": 0.0001110235850015906,
  "tp": 225,
  "fp": 0,
  "tn": 275,
  "fn": 0,
  "accuracy": 1.0,
  "extrap_accuracy": 1.0,
  "precision": 1.0,
  "recall": 1.0,
  "f1": 1.0,
  "tol": 0.05
}