{
  "test_mse": 0.014026632532477379,
  "test_mae": 0.07539891451597214,
  "test_r2": 0.9126884341239929,
  "test_max_error": 0.3120175898075104,
  "extrap_mse": 0.030935611575841904,
  "extrap_mae": 0.15296250581741333,
  "extrap_r2": 0.3699011206626892,
  "extrap_max_error": 0.3120175898075104,
  "mu_abs_err": 0.5417633056640625,
  "mu_rel_err": 0.1805877685546273,
  "tp": 36,
  "fp": 0,
  "tn": 275,
  "fn": 189,
  "accuracy": 0.622,
  "extrap_accuracy": 0.16,
  "precision": 1.0,
  "recall": 0.16,
  "f1": 0.2758620689655173,
  "tol": 0.05
}