{
  "test_mse": 0.1295497715473175,
  "test_mae": 0.2985498011112213,
  "test_r2": 0.19359153509140015,
  "test_max_error": 0.7753657102584839,
  "extrap_mse": 0.051165007054805756,
  "extrap_mae": 0.19616495072841644,
  "extrap_r2": -0.04213285446166992,
  "extrap_max_error": 0.42955368757247925,
  "mu_abs_err": 27.00006866455078,
  "mu_rel_err": 9.000022888180593,
  "tp": 29,
  "fp": 248,
  "tn": 27,
  "fn": 196,
  "accuracy": 0.112,
  "extrap_accuracy": 0.1288888888888889,
  "precision": 0.10469314079422383,
  "recall": 0.1288888888888889,
  "f1": 0.1155378486055777,
  "tol": 0.05
}