{
  "test_mse": 0.03272758796811104,
  "test_mae": 0.10598216950893402,
  "test_r2": 0.7451159954071045,
  "test_max_error": 0.4847237765789032,
  "extrap_mse": 0.07213041186332703,
  "extrap_mae": 0.21476057171821594,
  "extrap_r2": -2.1435675621032715,
  "extrap_max_error": 0.4847237765789032,
  "mu_abs_err": 4.0,
  "mu_rel_err": 0.99999999999975,
  "tp": 58,
  "fp": 12,
  "tn": 263,
  "fn": 167,
  "accuracy": 0.642,
  "extrap_accuracy": 0.2577777777777778,
  "precision": 0.8285714285714286,
  "recall": 0.2577777777777778,
  "f1": 0.39322033898305087,
  "tol": 0.05
}