{
  "test_mse": 0.13526497781276703,
  "test_mae": 0.3045668601989746,
  "test_r2": 0.15801608562469482,
  "test_max_error": 0.7960934042930603,
  "extrap_mse": 0.04932995140552521,
  "extrap_mae": 0.19543063640594482,
  "extrap_r2": -0.00475621223449707,
  "extrap_max_error": 0.3985145688056946,
  "mu_abs_err": 32.06401062011719,
  "mu_rel_err": 10.6880035400355,
  "tp": 26,
  "fp": 256,
  "tn": 19,
  "fn": 199,
  "accuracy": 0.09,
  "extrap_accuracy": 0.11555555555555555,
  "precision": 0.09219858156028368,
  "recall": 0.11555555555555555,
  "f1": 0.10256410256410256,
  "tol": 0.05
}