{
  "test_mse": 0.12016621232032776,
  "test_mae": 0.2885820269584656,
  "test_r2": 0.25200140476226807,
  "test_max_error": 0.7362679243087769,
  "extrap_mse": 0.04341094568371773,
  "extrap_mae": 0.18275775015354156,
  "extrap_r2": 0.11580252647399902,
  "extrap_max_error": 0.3708304762840271,
  "mu_abs_err": 21.35361099243164,
  "mu_rel_err": 7.117870330808174,
  "tp": 28,
  "fp": 252,
  "tn": 23,
  "fn": 197,
  "accuracy": 0.102,
  "extrap_accuracy": 0.12444444444444444,
  "precision": 0.1,
  "recall": 0.12444444444444444,
  "f1": 0.11089108910891089,
  "tol": 0.05
}