{
  "test_mse": 9.08476795302704e-05,
  "test_mae": 0.00734732998535037,
  "test_r2": 0.9992924928665161,
  "test_max_error": 0.02298903465270996,
  "extrap_mse": 2.6787798560690135e-05,
  "extrap_mae": 0.004227001685649157,
  "extrap_r2": 0.9988325238227844,
  "extrap_max_error": 0.009232006967067719,
  "mu_abs_err": 0.03797340393066406,
  "mu_rel_err": 0.009493350982663643,
  "tp": 225,
  "fp": 0,
  "tn": 275,
  "fn": 0,
  "accuracy": 1.0,
  "extrap_accuracy": 1.0,
  "precision": 1.0,
  "recall": 1.0,
  "f1": 1.0,
  "tol": 0.05
}