{
  "test_mse": 0.017307836562395096,
  "test_mae": 0.1029229611158371,
  "test_r2": 0.8922638893127441,
  "test_max_error": 0.2620950937271118,
  "extrap_mse": 0.022858204320073128,
  "extrap_mae": 0.1310890167951584,
  "extrap_r2": 0.7418656349182129,
  "extrap_max_error": 0.2620950937271118,
  "mu_abs_err": 1.5272259712219238,
  "mu_rel_err": 0.5090753237404716,
  "tp": 68,
  "fp": 13,
  "tn": 112,
  "fn": 307,
  "accuracy": 0.36,
  "extrap_accuracy": 0.18133333333333335,
  "precision": 0.8395061728395061,
  "recall": 0.18133333333333335,
  "f1": 0.29824561403508776,
  "tol": 0.05
}