{
  "test_mse": 0.16065987944602966,
  "test_mae": 0.33098387718200684,
  "test_r2": -5.9604644775390625e-05,
  "test_max_error": 1.0000019073486328,
  "extrap_mse": 0.04911065846681595,
  "extrap_mae": 0.19560757279396057,
  "extrap_r2": -0.00028967857360839844,
  "extrap_max_error": 0.3891970217227936,
  "mu_abs_err": 3.2848222255706787,
  "mu_rel_err": 1.0949407418565278,
  "tp": 25,
  "fp": 264,
  "tn": 11,
  "fn": 200,
  "accuracy": 0.072,
  "extrap_accuracy": 0.1111111111111111,
  "precision": 0.08650519031141868,
  "recall": 0.1111111111111111,
  "f1": 0.09727626459143969,
  "tol": 0.05
}