{
  "test_mse": 0.007007821463048458,
  "test_mae": 0.056327950209379196,
  "test_r2": 0.9454227685928345,
  "test_max_error": 0.1996755599975586,
  "extrap_mse": 0.015329022891819477,
  "extrap_mae": 0.11146077513694763,
  "extrap_r2": 0.3319348096847534,
  "extrap_max_error": 0.1996755599975586,
  "mu_abs_err": 0.5143556594848633,
  "mu_rel_err": 0.12858891487118368,
  "tp": 38,
  "fp": 0,
  "tn": 275,
  "fn": 187,
  "accuracy": 0.626,
  "extrap_accuracy": 0.1688888888888889,
  "precision": 1.0,
  "recall": 0.1688888888888889,
  "f1": 0.2889733840304183,
  "tol": 0.05
}