{
  "test_mse": 0.010903427377343178,
  "test_mae": 0.0657358169555664,
  "test_r2": 0.9150835871696472,
  "test_max_error": 0.2636544704437256,
  "extrap_mse": 0.02397920750081539,
  "extrap_mae": 0.13288599252700806,
  "extrap_r2": -0.04505515098571777,
  "extrap_max_error": 0.2636544704437256,
  "mu_abs_err": 0.3417353630065918,
  "mu_rel_err": 0.08543384075162659,
  "tp": 40,
  "fp": 0,
  "tn": 275,
  "fn": 185,
  "accuracy": 0.63,
  "extrap_accuracy": 0.17777777777777778,
  "precision": 1.0,
  "recall": 0.17777777777777778,
  "f1": 0.3018867924528302,
  "tol": 0.05
}