{
  "test_mse": 0.0666511058807373,
  "test_mae": 0.2095634490251541,
  "test_r2": 0.5851168632507324,
  "test_max_error": 0.5718626976013184,
  "extrap_mse": 0.05666135996580124,
  "extrap_mae": 0.2095128744840622,
  "extrap_r2": -0.15408289432525635,
  "extrap_max_error": 0.45264649391174316,
  "mu_abs_err": 3.0569252967834473,
  "mu_rel_err": 1.0189750989274762,
  "tp": 21,
  "fp": 206,
  "tn": 69,
  "fn": 204,
  "accuracy": 0.18,
  "extrap_accuracy": 0.09333333333333334,
  "precision": 0.09251101321585903,
  "recall": 0.09333333333333334,
  "f1": 0.09292035398230089,
  "tol": 0.05
}