{
  "test_mse": 6.285167273745174e-06,
  "test_mae": 0.0017336043529212475,
  "test_r2": 0.9999279379844666,
  "test_max_error": 0.008500546216964722,
  "extrap_mse": 9.058616114998586e-07,
  "extrap_mae": 0.0007803156622685492,
  "extrap_r2": 0.9998437762260437,
  "extrap_max_error": 0.0020969491451978683,
  "mu_abs_err": 0.044649600982666016,
  "mu_rel_err": 0.007441600163776429,
  "tp": 225,
  "fp": 0,
  "tn": 275,
  "fn": 0,
  "accuracy": 1.0,
  "extrap_accuracy": 1.0,
  "precision": 1.0,
  "recall": 1.0,
  "f1": 1.0,
  "tol": 0.05
}