{
  "test_mse": 2.040134677372407e-05,
  "test_mae": 0.0037590493448078632,
  "test_r2": 0.9998410940170288,
  "test_max_error": 0.008761584758758545,
  "extrap_mse": 8.958028047345579e-06,
  "extrap_mae": 0.0025111036375164986,
  "extrap_r2": 0.9996095895767212,
  "extrap_max_error": 0.005481809377670288,
  "mu_abs_err": 0.03285360336303711,
  "mu_rel_err": 0.008213400840757223,
  "tp": 225,
  "fp": 0,
  "tn": 275,
  "fn": 0,
  "accuracy": 1.0,
  "extrap_accuracy": 1.0,
  "precision": 1.0,
  "recall": 1.0,
  "f1": 1.0,
  "tol": 0.05
}