{
  "test_mse": 0.0014001025119796395,
  "test_mae": 0.030787093564867973,
  "test_r2": 0.9912847876548767,
  "test_max_error": 0.06668844819068909,
  "extrap_mse": 0.0018223009537905455,
  "extrap_mae": 0.03764433413743973,
  "extrap_r2": 0.9794210195541382,
  "extrap_max_error": 0.06668844819068909,
  "mu_abs_err": 0.4582371711730957,
  "mu_rel_err": 0.1527457237243143,
  "tp": 243,
  "fp": 0,
  "tn": 125,
  "fn": 132,
  "accuracy": 0.736,
  "extrap_accuracy": 0.648,
  "precision": 1.0,
  "recall": 0.648,
  "f1": 0.7864077669902912,
  "tol": 0.05
}