{
  "test_mse": 0.16069340705871582,
  "test_mae": 0.33098700642585754,
  "test_r2": -0.0002682209014892578,
  "test_max_error": 1.0005921125411987,
  "extrap_mse": 0.04909072816371918,
  "extrap_mae": 0.19555142521858215,
  "extrap_r2": 0.00011628866195678711,
  "extrap_max_error": 0.3890487551689148,
  "mu_abs_err": 3.422172337770462,
  "mu_rel_err": 1.1407241125897738,
  "tp": 26,
  "fp": 264,
  "tn": 11,
  "fn": 199,
  "accuracy": 0.074,
  "extrap_accuracy": 0.11555555555555555,
  "precision": 0.0896551724137931,
  "recall": 0.11555555555555555,
  "f1": 0.10097087378640777,
  "tol": 0.05
}