{
  "test_mse": 3.529002424329519e-05,
  "test_mae": 0.004792775027453899,
  "test_r2": 0.9997803568840027,
  "test_max_error": 0.015058189630508423,
  "extrap_mse": 2.1043664673925377e-05,
  "extrap_mae": 0.0036819293163716793,
  "extrap_r2": 0.9995713829994202,
  "extrap_max_error": 0.008596107363700867,
  "mu_abs_err": 0.011317968368530273,
  "mu_rel_err": 0.0037726561228421667,
  "tp": 225,
  "fp": 0,
  "tn": 275,
  "fn": 0,
  "accuracy": 1.0,
  "extrap_accuracy": 1.0,
  "precision": 1.0,
  "recall": 1.0,
  "f1": 1.0,
  "tol": 0.05
}