{
  "test_mse": 0.00027891891659237444,
  "test_mae": 0.012112653814256191,
  "test_r2": 0.9978277683258057,
  "test_max_error": 0.04180328547954559,
  "extrap_mse": 0.0005480720428749919,
  "extrap_mae": 0.019643936306238174,
  "extrap_r2": 0.9761140942573547,
  "extrap_max_error": 0.04180328547954559,
  "mu_abs_err": 0.19060826301574707,
  "mu_rel_err": 0.047652065753924853,
  "tp": 225,
  "fp": 0,
  "tn": 275,
  "fn": 0,
  "accuracy": 1.0,
  "extrap_accuracy": 1.0,
  "precision": 1.0,
  "recall": 1.0,
  "f1": 1.0,
  "tol": 0.05
}