{
  "test_mse": 0.12866292893886566,
  "test_mae": 0.28090545535087585,
  "test_r2": -0.0020328760147094727,
  "test_max_error": 0.9999999403953552,
  "extrap_mse": 0.025197122246026993,
  "extrap_mae": 0.13995608687400818,
  "extrap_r2": -0.09813392162322998,
  "extrap_max_error": 0.28281092643737793,
  "mu_abs_err": 4.391458183526993,
  "mu_rel_err": 1.0978645458814738,
  "tp": 34,
  "fp": 262,
  "tn": 13,
  "fn": 191,
  "accuracy": 0.094,
  "extrap_accuracy": 0.1511111111111111,
  "precision": 0.11486486486486487,
  "recall": 0.1511111111111111,
  "f1": 0.1305182341650672,
  "tol": 0.05
}