{
  "test_mse": 0.05938105657696724,
  "test_mae": 0.20620277523994446,
  "test_r2": 0.6303707361221313,
  "test_max_error": 0.529884397983551,
  "extrap_mse": 0.050330474972724915,
  "extrap_mae": 0.1993989795446396,
  "extrap_r2": -0.025134921073913574,
  "extrap_max_error": 0.3940909802913666,
  "mu_abs_err": 4.567334175109863,
  "mu_rel_err": 1.5224447250361135,
  "tp": 23,
  "fp": 236,
  "tn": 39,
  "fn": 202,
  "accuracy": 0.124,
  "extrap_accuracy": 0.10222222222222223,
  "precision": 0.0888030888030888,
  "recall": 0.10222222222222223,
  "f1": 0.09504132231404959,
  "tol": 0.05
}