{
  "test_mse": 0.08706817030906677,
  "test_mae": 0.23789095878601074,
  "test_r2": 0.32190901041030884,
  "test_max_error": 0.6560531854629517,
  "extrap_mse": 0.024741707369685173,
  "extrap_mae": 0.13899879157543182,
  "extrap_r2": -0.07828617095947266,
  "extrap_max_error": 0.278225839138031,
  "mu_abs_err": 18.526264190673828,
  "mu_rel_err": 4.631566047667299,
  "tp": 33,
  "fp": 245,
  "tn": 30,
  "fn": 192,
  "accuracy": 0.126,
  "extrap_accuracy": 0.14666666666666667,
  "precision": 0.11870503597122302,
  "recall": 0.14666666666666667,
  "f1": 0.1312127236580517,
  "tol": 0.05
}