{
  "test_mse": 0.0004773150139953941,
  "test_mae": 0.018131598830223083,
  "test_r2": 0.9927466511726379,
  "test_max_error": 0.049239128828048706,
  "extrap_mse": 0.00047943659592419863,
  "extrap_mae": 0.01875465176999569,
  "extrap_r2": 0.7257957458496094,
  "extrap_max_error": 0.038180768489837646,
  "mu_abs_err": 0.1920795440673828,
  "mu_rel_err": 0.02400994300841985,
  "tp": 225,
  "fp": 0,
  "tn": 275,
  "fn": 0,
  "accuracy": 1.0,
  "extrap_accuracy": 1.0,
  "precision": 1.0,
  "recall": 1.0,
  "f1": 1.0,
  "tol": 0.05
}