{
  "test_mse": 0.01056541595607996,
  "test_mae": 0.07115870714187622,
  "test_r2": 0.9177160263061523,
  "test_max_error": 0.2371416985988617,
  "extrap_mse": 0.022894632071256638,
  "extrap_mae": 0.13803885877132416,
  "extrap_r2": 0.0022125244140625,
  "extrap_max_error": 0.2371416985988617,
  "mu_abs_err": 0.7157926559448242,
  "mu_rel_err": 0.1789481639861613,
  "tp": 26,
  "fp": 8,
  "tn": 267,
  "fn": 199,
  "accuracy": 0.586,
  "extrap_accuracy": 0.11555555555555555,
  "precision": 0.7647058823529411,
  "recall": 0.11555555555555555,
  "f1": 0.20077220077220076,
  "tol": 0.05
}