{
  "test_mse": 0.00023510587925557047,
  "test_mae": 0.012079495005309582,
  "test_r2": 0.9985365271568298,
  "test_max_error": 0.036826491355895996,
  "extrap_mse": 0.00021508376812562346,
  "extrap_mae": 0.012125600129365921,
  "extrap_r2": 0.9956191778182983,
  "extrap_max_error": 0.03023567795753479,
  "mu_abs_err": 0.04477214813232422,
  "mu_rel_err": 0.014924049377436431,
  "tp": 225,
  "fp": 0,
  "tn": 275,
  "fn": 0,
  "accuracy": 1.0,
  "extrap_accuracy": 1.0,
  "precision": 1.0,
  "recall": 1.0,
  "f1": 1.0,
  "tol": 0.05
}