{
  "test_mse": 1.0293437298969366e-05,
  "test_mae": 0.0025384007021784782,
  "test_r2": 0.9998435974121094,
  "test_max_error": 0.008061688393354416,
  "extrap_mse": 6.2181588873500004e-06,
  "extrap_mae": 0.002049108501523733,
  "extrap_r2": 0.9964436292648315,
  "extrap_max_error": 0.005046330392360687,
  "mu_abs_err": 0.0649709701538086,
  "mu_rel_err": 0.00812137126922506,
  "tp": 225,
  "fp": 0,
  "tn": 275,
  "fn": 0,
  "accuracy": 1.0,
  "extrap_accuracy": 1.0,
  "precision": 1.0,
  "recall": 1.0,
  "f1": 1.0,
  "tol": 0.05
}