{
  "test_mse": 0.06751161068677902,
  "test_mae": 0.21588024497032166,
  "test_r2": 0.5797604322433472,
  "test_max_error": 0.5486428141593933,
  "extrap_mse": 0.08484169840812683,
  "extrap_mae": 0.2511131465435028,
  "extrap_r2": 0.041895151138305664,
  "extrap_max_error": 0.5486428141593933,
  "mu_abs_err": 4.380158424377441,
  "mu_rel_err": 1.460052808125327,
  "tp": 36,
  "fp": 98,
  "tn": 27,
  "fn": 339,
  "accuracy": 0.126,
  "extrap_accuracy": 0.096,
  "precision": 0.26865671641791045,
  "recall": 0.096,
  "f1": 0.1414538310412574,
  "tol": 0.05
}