{
  "test_mse": 0.1151740700006485,
  "test_mae": 0.28639885783195496,
  "test_r2": 0.2830759882926941,
  "test_max_error": 0.6761218309402466,
  "extrap_mse": 0.049106959253549576,
  "extrap_mae": 0.19552944600582123,
  "extrap_r2": -0.0002142190933227539,
  "extrap_max_error": 0.389911413192749,
  "mu_abs_err": 19.969188690185547,
  "mu_rel_err": 6.65639623005963,
  "tp": 25,
  "fp": 250,
  "tn": 25,
  "fn": 200,
  "accuracy": 0.1,
  "extrap_accuracy": 0.1111111111111111,
  "precision": 0.09090909090909091,
  "recall": 0.1111111111111111,
  "f1": 0.09999999999999999,
  "tol": 0.05
}