{
  "test_mse": 0.01393682137131691,
  "test_mae": 0.07550077140331268,
  "test_r2": 0.8914594054222107,
  "test_max_error": 0.30177903175354004,
  "extrap_mse": 0.03052673302590847,
  "extrap_mae": 0.15063545107841492,
  "extrap_r2": -0.33040761947631836,
  "extrap_max_error": 0.30177903175354004,
  "mu_abs_err": 0.47226572036743164,
  "mu_rel_err": 0.11806643009182839,
  "tp": 33,
  "fp": 5,
  "tn": 270,
  "fn": 192,
  "accuracy": 0.606,
  "extrap_accuracy": 0.14666666666666667,
  "precision": 0.868421052631579,
  "recall": 0.14666666666666667,
  "f1": 0.2509505703422053,
  "tol": 0.05
}