{
  "test_mse": 0.06981901824474335,
  "test_mae": 0.22850897908210754,
  "test_r2": 0.5653976202011108,
  "test_max_error": 0.4843721389770508,
  "extrap_mse": 0.044814977794885635,
  "extrap_mae": 0.18730667233467102,
  "extrap_r2": 0.08720511198043823,
  "extrap_max_error": 0.3624951243400574,
  "mu_abs_err": 8.799395561218262,
  "mu_rel_err": 2.933131853738443,
  "tp": 27,
  "fp": 239,
  "tn": 36,
  "fn": 198,
  "accuracy": 0.126,
  "extrap_accuracy": 0.12,
  "precision": 0.10150375939849623,
  "recall": 0.12,
  "f1": 0.109979633401222,
  "tol": 0.05
}