{
  "test_mse": 0.004760515410453081,
  "test_mae": 0.04417417570948601,
  "test_r2": 0.9703671932220459,
  "test_max_error": 0.22098928689956665,
  "extrap_mse": 0.01955670304596424,
  "extrap_mae": 0.1255357414484024,
  "extrap_r2": 0.45896369218826294,
  "extrap_max_error": 0.22098928689956665,
  "mu_abs_err": 0.6144719123840332,
  "mu_rel_err": 0.20482397079460946,
  "tp": 16,
  "fp": 52,
  "tn": 348,
  "fn": 84,
  "accuracy": 0.728,
  "extrap_accuracy": 0.16,
  "precision": 0.23529411764705882,
  "recall": 0.16,
  "f1": 0.19047619047619052,
  "tol": 0.05
}