{
  "test_mse": 0.010390615090727806,
  "test_mae": 0.06872282922267914,
  "test_r2": 0.9190773963928223,
  "test_max_error": 0.23551151156425476,
  "extrap_mse": 0.022724604234099388,
  "extrap_mae": 0.13760091364383698,
  "extrap_r2": 0.009622633457183838,
  "extrap_max_error": 0.23551151156425476,
  "mu_abs_err": 0.7147045135498047,
  "mu_rel_err": 0.17867612838740649,
  "tp": 26,
  "fp": 0,
  "tn": 275,
  "fn": 199,
  "accuracy": 0.602,
  "extrap_accuracy": 0.11555555555555555,
  "precision": 1.0,
  "recall": 0.11555555555555555,
  "f1": 0.20717131474103584,
  "tol": 0.05
}