{
  "test_mse": 0.0009626158280298114,
  "test_mae": 0.01991296373307705,
  "test_r2": 0.9925031065940857,
  "test_max_error": 0.09699288010597229,
  "extrap_mse": 0.003632372012361884,
  "extrap_mae": 0.0514623299241066,
  "extrap_r2": 0.742870569229126,
  "extrap_max_error": 0.09699288010597229,
  "mu_abs_err": 0.02360057830810547,
  "mu_rel_err": 0.005900144577024892,
  "tp": 51,
  "fp": 0,
  "tn": 400,
  "fn": 49,
  "accuracy": 0.902,
  "extrap_accuracy": 0.51,
  "precision": 1.0,
  "recall": 0.51,
  "f1": 0.6754966887417219,
  "tol": 0.05
}