{
  "test_mse": 0.0075716557912528515,
  "test_mae": 0.06590963900089264,
  "test_r2": 0.9528687000274658,
  "test_max_error": 0.22313222289085388,
  "extrap_mse": 0.015111783519387245,
  "extrap_mae": 0.10607483983039856,
  "extrap_r2": 0.6922020316123962,
  "extrap_max_error": 0.22313222289085388,
  "mu_abs_err": 0.6928462982177734,
  "mu_rel_err": 0.23094876607251416,
  "tp": 52,
  "fp": 56,
  "tn": 219,
  "fn": 173,
  "accuracy": 0.542,
  "extrap_accuracy": 0.2311111111111111,
  "precision": 0.48148148148148145,
  "recall": 0.2311111111111111,
  "f1": 0.3123123123123123,
  "tol": 0.05
}