{
  "test_mse": 0.0027247148100286722,
  "test_mae": 0.04503035172820091,
  "test_r2": 0.9830394983291626,
  "test_max_error": 0.09984493255615234,
  "extrap_mse": 0.003439529798924923,
  "extrap_mae": 0.05098029226064682,
  "extrap_r2": 0.9299433827400208,
  "extrap_max_error": 0.09984493255615234,
  "mu_abs_err": 0.40523552894592285,
  "mu_rel_err": 0.1350785096485959,
  "tp": 112,
  "fp": 91,
  "tn": 184,
  "fn": 113,
  "accuracy": 0.592,
  "extrap_accuracy": 0.49777777777777776,
  "precision": 0.5517241379310345,
  "recall": 0.49777777777777776,
  "f1": 0.5233644859813085,
  "tol": 0.05
}